-- =============================================================================
-- 018_infoops_seed_expansion.sql
-- Information Operations seed expansion
-- =============================================================================

-- ---------------------------------------------------------------------------
-- Narrative threats expansion
-- ---------------------------------------------------------------------------
INSERT INTO infoops_narrative_threats (
    id, title, description, origin_country, target_countries, platforms,
    status, threat_level, spread_velocity, reach_estimate,
    key_claims, counter_narratives, first_detected, last_updated, classification
) VALUES
    ('a1800000-0000-0000-0000-000000000004', 'Iranian Axis of Resistance Propaganda', 'Narrative ecosystem amplifying anti-US, anti-Israel, and anti-normalization messaging across state and proxy channels.', 'IRN', '["ISR","USA","SAU","ARE","GBR"]', '["STATE_MEDIA","SOCIAL_MEDIA","MESSAGING_APP"]', 'ACTIVE', 'HIGH', 0.740, 9800000, '["Resistance is the only path to liberation","US bases are legitimate military targets","Normalization with Israel is betrayal of Palestine"]', '["Diplomatic normalization can reduce escalation risk","Civilian targeting violates international humanitarian norms"]', '2023-10-01T00:00:00Z', now(), 'UNCLASS'),
    ('a1800000-0000-0000-0000-000000000005', 'DPRK Nuclear Sovereignty Narrative', 'State messaging framing sanctions and allied military drills as existential threats requiring expanded DPRK deterrence.', 'PRK', '["USA","KOR","JPN"]', '["STATE_MEDIA","NEWS_OUTLET"]', 'ACTIVE', 'MEDIUM', 0.620, 4200000, '["Nuclear deterrent guarantees sovereignty","US military exercises are invasion rehearsals","Sanctions are acts of war"]', '["Deterrence and diplomacy are not mutually exclusive","UN sanctions are tied to proliferation behavior"]', '2022-12-01T00:00:00Z', now(), 'UNCLASS'),
    ('a1800000-0000-0000-0000-000000000006', 'Indian Hindu Nationalist Amplification', 'Coordinated online messaging amplifying hyper-nationalist narratives in cross-border political disputes.', 'IND', '["PAK","BGD","GBR","CAN"]', '["SOCIAL_MEDIA","VIDEO_PLATFORM","MESSAGING_APP"]', 'ACTIVE', 'MEDIUM', 0.680, 8400000, '["Pakistan is a failed state harboring terrorism","Indian Muslims are well-treated","Western media is anti-India"]', '["Fact-based reporting should separate governance critiques from identity narratives"]', '2023-06-15T00:00:00Z', now(), 'UNCLASS'),
    ('a1800000-0000-0000-0000-000000000007', 'Turkish Neo-Ottoman Regional Narrative', 'Messaging framing Turkey as the central stabilizing and civilizational actor across nearby regions.', 'TUR', '["GRC","SYR","IRQ","FRA","DEU"]', '["STATE_MEDIA","SOCIAL_MEDIA","NEWS_OUTLET"]', 'ACTIVE', 'MEDIUM', 0.610, 6500000, '["Turkey is the natural leader of the Muslim world","Kurdish autonomy threatens regional stability","Europe is hostile to Islam"]', '["Regional security requires plural governance and de-escalation mechanisms"]', '2023-03-10T00:00:00Z', now(), 'UNCLASS'),
    ('a1800000-0000-0000-0000-000000000008', 'Saudi Vision 2030 Image Laundering', 'Narrative campaign emphasizing modernization achievements while minimizing governance criticism.', 'SAU', '["USA","GBR","FRA"]', '["SOCIAL_MEDIA","NEWS_OUTLET","VIDEO_PLATFORM"]', 'ACTIVE', 'LOW', 0.560, 5100000, '["Saudi Arabia is modernizing rapidly","Critics are funded by Qatar/Iran","MBS is a reformer"]', '["Governance reform claims require measurable rights and accountability outcomes"]', '2023-04-20T00:00:00Z', now(), 'UNCLASS'),
    ('a1800000-0000-0000-0000-000000000009', 'UAE Democratic Stability Narrative', 'Strategic messaging portraying governance centralization as a model for regional stability.', 'ARE', '["USA","GBR"]', '["SOCIAL_MEDIA","NEWS_OUTLET","FORUM"]', 'ACTIVE', 'LOW', 0.520, 3800000, '["UAE is a model of Middle Eastern stability","Political Islam is inherently destabilizing","Human rights criticism is politically motivated"]', '["Institutional resilience and rights protections are both required for long-term stability"]', '2023-08-05T00:00:00Z', now(), 'UNCLASS'),
    ('a1800000-0000-0000-0000-000000000010', 'Pakistani Kashmir Liberation Narrative', 'Messaging architecture focused on reframing Kashmir as unresolved decolonization under occupation.', 'PAK', '["IND","GBR","USA"]', '["STATE_MEDIA","SOCIAL_MEDIA","MESSAGING_APP"]', 'ACTIVE', 'MEDIUM', 0.670, 5900000, '["Kashmir is an occupied territory","India commits genocide in Kashmir","UN resolutions demand plebiscite"]', '["Escalatory framing increases cross-border instability and civilian harm"]', '2022-09-15T00:00:00Z', now(), 'UNCLASS'),
    ('a1800000-0000-0000-0000-000000000011', 'Belarusian Western Aggression Narrative', 'State campaign depicting opposition and neighboring states as coordinated regime-change actors.', 'BLR', '["POL","LTU","LVA","DEU"]', '["STATE_MEDIA","NEWS_OUTLET"]', 'ACTIVE', 'MEDIUM', 0.600, 4300000, '["Western neighbors are plotting regime change","NATO expansion threatens Belarusian sovereignty","Opposition is foreign-funded"]', '["Political dissent and external military posturing should be assessed independently"]', '2022-11-01T00:00:00Z', now(), 'UNCLASS'),
    ('a1800000-0000-0000-0000-000000000012', 'Chinese South China Sea Sovereignty', 'Narrative operation defending expansive maritime claims and delegitimizing external naval presence.', 'CHN', '["PHL","VNM","MYS","USA","JPN"]', '["STATE_MEDIA","SOCIAL_MEDIA","NEWS_OUTLET","FORUM"]', 'ACTIVE', 'HIGH', 0.790, 14500000, '["Nine-dash line is historical Chinese territory","Freedom of navigation patrols are provocations","ASEAN claimants lack legal standing"]', '["Maritime disputes should be handled through international legal frameworks"]', '2023-01-12T00:00:00Z', now(), 'UNCLASS'),
    ('a1800000-0000-0000-0000-000000000013', 'Russian Africa Anti-Colonial Narrative', 'Content operations framing Russia-linked forces as anti-colonial security alternatives in Africa.', 'RUS', '["MLI","BFA","NER","CAF","LBY"]', '["SOCIAL_MEDIA","STATE_MEDIA","MESSAGING_APP"]', 'ACTIVE', 'HIGH', 0.760, 10100000, '["France is a neo-colonial oppressor","Wagner/Africa Corps provides real security","Western democracy is cultural imperialism"]', '["Security partnerships should be evaluated by local outcomes and civilian protections"]', '2023-02-01T00:00:00Z', now(), 'UNCLASS'),
    ('a1800000-0000-0000-0000-000000000014', 'Iranian Nuclear Program Justification', 'State-aligned messaging emphasizing sovereign entitlement to peaceful nuclear capability.', 'IRN', '["USA","ISR","GBR","FRA","DEU"]', '["STATE_MEDIA","NEWS_OUTLET","SOCIAL_MEDIA"]', 'ACTIVE', 'HIGH', 0.730, 9000000, '["Iran''s nuclear program is peaceful","IAEA is a tool of Western imperialism","Nuclear technology is Iran''s sovereign right"]', '["Verification regimes reduce escalation and proliferation risk"]', '2023-05-08T00:00:00Z', now(), 'UNCLASS'),
    ('a1800000-0000-0000-0000-000000000015', 'Chinese Belt and Road Debt Counter-Narrative', 'Messaging strategy contesting debt-trap framing and recasting BRI outcomes as mutually beneficial.', 'CHN', '["LKA","KEN","PAK","ETH","MYS"]', '["STATE_MEDIA","NEWS_OUTLET","SOCIAL_MEDIA"]', 'ACTIVE', 'MEDIUM', 0.640, 7800000, '["Debt trap is a Western fabrication","BRI projects are mutually beneficial","Western infrastructure aid is conditional and exploitative"]', '["Infrastructure impact should be measured through transparent debt sustainability metrics"]', '2022-10-20T00:00:00Z', now(), 'UNCLASS')
ON CONFLICT (id) DO NOTHING;

-- ---------------------------------------------------------------------------
-- Influence campaigns expansion
-- ---------------------------------------------------------------------------
INSERT INTO infoops_influence_campaigns (
    id, name, description, attributed_actor, attribution_confidence,
    sponsoring_state, target_countries, target_demographics, platforms,
    status, campaign_objectives, estimated_budget_usd,
    linked_narrative_ids, classification
) VALUES
    ('b1800000-0000-0000-0000-000000000003', 'Endless Mayfly', 'IRGC-linked campaign focused on anti-normalization and anti-US messaging across Middle East information channels.', 'IRGC-linked entities', 'HIGH', 'IRN', '["USA","ISR","SAU","GBR"]', '["regional audiences","diaspora communities","policy observers"]', '["SOCIAL_MEDIA","STATE_MEDIA","NEWS_OUTLET"]', 'ACTIVE', '["Discredit Saudi-Israeli normalization","Undermine US Middle East credibility","Amplify anti-Zionist sentiment"]', 8000000, '["a1800000-0000-0000-0000-000000000004","a1800000-0000-0000-0000-000000000014"]', 'UNCLASS'),
    ('b1800000-0000-0000-0000-000000000004', 'Ghostwriter', 'GRU-linked campaign targeting NATO cohesion through forged narratives and synthetic media artifacts.', 'GRU Unit 26165 (Fancy Bear)', 'HIGH', 'RUS', '["POL","LTU","LVA","DEU"]', '["voters","journalists","civil servants"]', '["SOCIAL_MEDIA","NEWS_OUTLET","MESSAGING_APP"]', 'ACTIVE', '["Undermine NATO Eastern Flank solidarity","Discredit Baltic governments","Fabricate internal NATO dissent"]', 12000000, '["a1000000-0000-0000-0000-000000000003","a1800000-0000-0000-0000-000000000013"]', 'UNCLASS'),
    ('b1800000-0000-0000-0000-000000000005', 'Spamouflage Dragon', 'Coordinated CCP-aligned influence operation using large inauthentic account networks and AI-assisted messaging.', 'PLA Strategic Support Force', 'MEDIUM', 'CHN', '["USA","TWN","AUS","CAN"]', '["social media users","diaspora audiences","policy communities"]', '["VIDEO_PLATFORM","SOCIAL_MEDIA","STATE_MEDIA"]', 'ACTIVE', '["Promote CCP narratives on major platforms","Attack Chinese dissidents abroad","Discredit Uyghur genocide reporting"]', 35000000, '["a1000000-0000-0000-0000-000000000002","a1800000-0000-0000-0000-000000000012","a1800000-0000-0000-0000-000000000015"]', 'UNCLASS'),
    ('b1800000-0000-0000-0000-000000000006', 'DPRK Crypto-Propaganda Hybrid', 'Hybrid campaign combining illicit cyber finance operations with coordinated narrative influence activity.', 'Lazarus Group / RGB', 'MEDIUM', 'PRK', '["KOR","JPN","USA"]', '["crypto communities","Korean-language audiences","security researchers"]', '["SOCIAL_MEDIA","FORUM","MESSAGING_APP"]', 'ACTIVE', '["Fund regime through crypto theft","Spread pro-regime content","Discredit defector testimonies"]', 5000000, '["a1800000-0000-0000-0000-000000000005"]', 'UNCLASS'),
    ('b1800000-0000-0000-0000-000000000007', 'Operation Doppelganger', 'Clone-domain disinformation operation impersonating trusted media to inject fabricated war and policy narratives.', 'GRU / Structura', 'HIGH', 'RUS', '["DEU","FRA","USA","UKR","ISR"]', '["news consumers","swing voters","online political communities"]', '["NEWS_OUTLET","SOCIAL_MEDIA","FORUM"]', 'ACTIVE', '["Clone Western news sites with fabricated content","Undermine support for Ukraine","Amplify war fatigue narratives"]', 20000000, '["a1000000-0000-0000-0000-000000000001","a1000000-0000-0000-0000-000000000003"]', 'UNCLASS'),
    ('b1800000-0000-0000-0000-000000000008', 'Indian Chronicles', 'Networked influence project using proxy outlets and NGO fronts to shape regional narratives in multilateral forums.', 'Srivastava Group (linked to Indian intelligence)', 'MEDIUM', 'IND', '["PAK","CHN","FRA","DEU"]', '["policy elites","NGO observers","diaspora networks"]', '["NEWS_OUTLET","SOCIAL_MEDIA","FORUM"]', 'ACTIVE', '["Influence EU parliament views on Kashmir","Create fake NGOs in UN processes","Discredit Pakistan internationally"]', 3000000, '["a1800000-0000-0000-0000-000000000006","a1800000-0000-0000-0000-000000000010"]', 'UNCLASS'),
    ('b1800000-0000-0000-0000-000000000009', 'Turkish Troll Armies', 'State-adjacent social amplification networks focused on diaspora opinion shaping and criticism suppression.', 'AKP Social Media Operations', 'MEDIUM', 'TUR', '["GRC","FRA","DEU","NLD"]', '["diaspora populations","journalists","activists"]', '["SOCIAL_MEDIA","MESSAGING_APP","VIDEO_PLATFORM"]', 'ACTIVE', '["Suppress Kurdish media narratives","Amplify Erdogan image globally","Attack diaspora critics"]', 7000000, '["a1800000-0000-0000-0000-000000000007"]', 'UNCLASS'),
    ('b1800000-0000-0000-0000-000000000010', 'Saudi Electronic Flies', 'Online influence operation to improve state image and counter rights-based criticism narratives.', 'Saudi Center for International Communications', 'MEDIUM', 'SAU', '["USA","GBR","TUR","QAT"]', '["policy influencers","journalists","regional audiences"]', '["SOCIAL_MEDIA","NEWS_OUTLET","VIDEO_PLATFORM"]', 'ACTIVE', '["Rehabilitate MBS image post-Khashoggi","Counter Qatar/Turkey media","Suppress human rights criticism"]', 10000000, '["a1800000-0000-0000-0000-000000000008"]', 'UNCLASS')
ON CONFLICT (id) DO NOTHING;

-- ---------------------------------------------------------------------------
-- Disinformation indicators expansion
-- ---------------------------------------------------------------------------
INSERT INTO infoops_disinformation_indicators (
    id, indicator_type, title, description, platform,
    detected_at, confidence_score,
    linked_campaign_id, linked_narrative_id,
    is_verified, classification
) VALUES
    ('c1800000-0000-0000-0000-000000000004', 'ASTROTURFING', 'Fabricated anti-NATO petition clusters in Poland', 'Coordinated pseudo-grassroots petition portals amplified by linked social assets.', 'SOCIAL_MEDIA', '2024-02-10T09:00:00Z', 0.850, 'b1800000-0000-0000-0000-000000000004', 'a1000000-0000-0000-0000-000000000003', true, 'UNCLASS'),
    ('c1800000-0000-0000-0000-000000000005', 'BOT_NETWORK', 'Spamouflage network of 10k+ coordinated platform accounts', 'Large synchronized account set repeatedly posting low-variance political messaging.', 'VIDEO_PLATFORM', '2024-03-02T12:30:00Z', 0.910, 'b1800000-0000-0000-0000-000000000005', 'a1800000-0000-0000-0000-000000000012', true, 'UNCLASS'),
    ('c1800000-0000-0000-0000-000000000006', 'FABRICATED_DOCUMENT', 'Forged Saudi diplomatic cables in anti-normalization outlets', 'Document-laundering pattern observed across mirrored outlet network.', 'NEWS_OUTLET', '2024-01-19T17:10:00Z', 0.780, 'b1800000-0000-0000-0000-000000000003', 'a1800000-0000-0000-0000-000000000004', true, 'UNCLASS'),
    ('c1800000-0000-0000-0000-000000000007', 'STATE_MEDIA_AMPLIFICATION', 'Synchronized Africa Corps narrative amplification', 'High-tempo repetition of shared talking points across aligned state channels.', 'STATE_MEDIA', '2024-04-11T07:45:00Z', 0.940, 'b1000000-0000-0000-0000-000000000001', 'a1800000-0000-0000-0000-000000000013', true, 'UNCLASS'),
    ('c1800000-0000-0000-0000-000000000008', 'DEEPFAKE_CONTENT', 'Synthetic audio of Polish general discussing NATO withdrawal', 'AI-generated voice clip distributed through encrypted channels for panic effects.', 'MESSAGING_APP', '2024-02-28T21:00:00Z', 0.820, 'b1800000-0000-0000-0000-000000000004', 'a1000000-0000-0000-0000-000000000003', false, 'UNCLASS'),
    ('c1800000-0000-0000-0000-000000000009', 'CRYPTO_FRAUD', 'Lazarus phishing via reunification charity front', 'Credential theft operation bundled with ideological messaging for legitimacy cover.', 'SOCIAL_MEDIA', '2024-03-15T15:20:00Z', 0.880, 'b1800000-0000-0000-0000-000000000006', 'a1800000-0000-0000-0000-000000000005', true, 'UNCLASS'),
    ('c1800000-0000-0000-0000-000000000010', 'CLONE_WEBSITE', '37 cloned European domains serving fabricated war articles', 'Domain-cloning operation mimicking trusted publications.', 'NEWS_OUTLET', '2024-04-03T13:05:00Z', 0.960, 'b1800000-0000-0000-0000-000000000007', 'a1000000-0000-0000-0000-000000000001', true, 'UNCLASS'),
    ('c1800000-0000-0000-0000-000000000011', 'COORDINATED_INAUTHENTIC_BEHAVIOR', '2,400 fake accounts posing as Kashmiri civil society', 'Persona farms amplified through rotating hashtag campaigns and synthetic interaction loops.', 'SOCIAL_MEDIA', '2024-01-30T11:40:00Z', 0.810, 'b1800000-0000-0000-0000-000000000008', 'a1800000-0000-0000-0000-000000000010', true, 'UNCLASS'),
    ('c1800000-0000-0000-0000-000000000012', 'BOT_NETWORK', 'AKP-linked mass-report network targeting Kurdish journalists', 'Coordinated reporting brigades suppressing content visibility.', 'SOCIAL_MEDIA', '2024-02-22T10:25:00Z', 0.870, 'b1800000-0000-0000-0000-000000000009', 'a1800000-0000-0000-0000-000000000007', false, 'UNCLASS'),
    ('c1800000-0000-0000-0000-000000000013', 'ASTROTURFING', 'Saudi-funded policy outlet publishing favorable op-eds', 'Network of ostensibly independent policy voices sharing common sponsor-aligned framing.', 'NEWS_OUTLET', '2024-01-08T08:55:00Z', 0.750, 'b1800000-0000-0000-0000-000000000010', 'a1800000-0000-0000-0000-000000000008', false, 'UNCLASS'),
    ('c1800000-0000-0000-0000-000000000014', 'AI_GENERATED_CONTENT', 'LLM-generated analyst commentary syndicated on state portals', 'Template-driven synthetic analysis reused across multilingual channel set.', 'STATE_MEDIA', '2024-04-18T06:15:00Z', 0.830, 'b1800000-0000-0000-0000-000000000005', 'a1800000-0000-0000-0000-000000000015', true, 'UNCLASS'),
    ('c1800000-0000-0000-0000-000000000015', 'HACK_AND_LEAK', 'Fabricated leaked emails attributed to Taiwanese defense officials', 'Tampered content package seeded into forums to simulate insider compromise.', 'FORUM', '2024-03-27T19:30:00Z', 0.790, 'b1000000-0000-0000-0000-000000000002', 'a1000000-0000-0000-0000-000000000002', false, 'UNCLASS')
ON CONFLICT (id) DO NOTHING;

-- ---------------------------------------------------------------------------
-- Attribution assessments expansion
-- ---------------------------------------------------------------------------
INSERT INTO infoops_attribution_assessments (
    id, subject, attributed_to, confidence, evidence_summary,
    supporting_indicators, dissenting_evidence, analyst_id, classification
) VALUES
    ('d1800000-0000-0000-0000-000000000001', 'Energy FUD hashtag bot network (4,200 accounts)', 'GRU Unit 54777 (72nd Special Service Center)', 'HIGH', 'IP and infrastructure overlap with known St. Petersburg influence infrastructure; posting cadence and translation artifacts match known Russian TTP patterns.', '["c1000000-0000-0000-0000-000000000001"]', '["Some engagement originated from opportunistic non-state amplifiers"]', NULL, 'UNCLASS'),
    ('d1800000-0000-0000-0000-000000000002', 'Cloned European news domains (Doppelganger)', 'Structura National Technology (GRU contractor)', 'HIGH', 'Domain registration and hosting traces align with previously attributed Structura infrastructure; corroborated by open-source investigative reporting.', '["c1800000-0000-0000-0000-000000000010"]', '["Limited operator OPSEC occasionally obscures direct personnel attribution"]', NULL, 'UNCLASS'),
    ('d1800000-0000-0000-0000-000000000003', 'Spamouflage YouTube/X network', 'PLA Strategic Support Force, Unit 61398', 'MEDIUM', 'Account creation timing clusters with PRC working-hour windows and synchronized narratives matching state media themes.', '["c1800000-0000-0000-0000-000000000005","c1800000-0000-0000-0000-000000000014"]', '["Some botnets may be contractor-operated rather than directly military-operated"]', NULL, 'UNCLASS'),
    ('d1800000-0000-0000-0000-000000000004', 'Endless Mayfly fabricated documents', 'IRGC Quds Force — cyber division', 'HIGH', 'Infrastructure overlap and targeting profile are consistent with known IRGC-aligned influence and cyber operations.', '["c1800000-0000-0000-0000-000000000006"]', '["Attribution to specific sub-unit remains partially inferential"]', NULL, 'UNCLASS'),
    ('d1800000-0000-0000-0000-000000000005', 'Indian Chronicles fake NGO/media network', 'Srivastava Group (New Delhi)', 'MEDIUM', 'Open-source investigations linked hundreds of affiliated outlets and NGO facades to a single organizational hub.', '["c1800000-0000-0000-0000-000000000011"]', '["Official state sponsorship remains publicly denied"]', NULL, 'UNCLASS')
ON CONFLICT (id) DO NOTHING;
